{
  "byDate": {
    "2025-08-23": [
      {
        "id": "mat_417348da",
        "course": "Default Course",
        "dateISO": "2025-08-23",
        "captions": [
          "pembahasan vector dan dot product"
        ],
        "files": [
          {
            "path": "storage\\Default Course\\2025-08-23\\board.jpg",
            "filename": "board.jpg",
            "mime": "image/jpeg",
            "size": 8
          }
        ],
        "createdAt": "2025-08-23T05:59:55.250Z"
      },
      {
        "id": "mat_6c68022a",
        "course": "EM",
        "dateISO": "2025-08-23",
        "captions": [
          "pengantar EM"
        ],
        "files": [],
        "createdAt": "2025-08-23T14:40:10.327Z"
      }
    ]
  }
}