{
  "Medan Elektromagnetik": [
    "spidol",
    "papan hapus",
    "penggaris"
  ],
  "Kalkulus Lanjut": [
    "kalkulator scientific",
    "penggaris",
    "buku catatan",
    "pensil dan penghapus"
  ],
  "Fisika Dasar": [
    "kalkulator scientific",
    "penggaris",
    "stopwatch",
    "buku catatan"
  ],
  "Pemrograman Web": [
    "laptop",
    "charger laptop",
    "mouse",
    "flashdisk"
  ],
  "Basis Data": [
    "laptop",
    "charger laptop",
    "buku catatan",
    "pensil"
  ],
  "Algoritma & Struktur Data": [
    "laptop",
    "charger laptop",
    "buku catatan",
    "pensil dan penghapus"
  ]
}