[
  {
    "id": "em001",
    "name": "Dr. Ir. Ahmad Supriyadi, S.T., M.T.",
    "phone": "+6281234567890",
    "email": "ahmad.supriyadi@university.ac.id",
    "courses": ["Medan Elektromagnetik"]
  },
  {
    "id": "kl001",
    "name": "Prof. Dr. Siti Nurhaliza, M.Si.",
    "phone": "+6281234567891",
    "email": "siti.nurhaliza@university.ac.id",
    "courses": ["Kalkulus Lanjut", "Kalkulus Dasar"]
  },
  {
    "id": "fd001",
    "name": "Ir. Bambang Sutrisno, M.Sc.",
    "phone": "+6281234567892",
    "email": "bambang.sutrisno@university.ac.id",
    "courses": ["Fisika Dasar", "Fisika Modern"]
  },
  {
    "id": "pw001",
    "name": "Drs. Citra Dewi, M.Kom.",
    "phone": "+6281234567893",
    "email": "citra.dewi@university.ac.id",
    "courses": ["Pemrograman Web", "Pemrograman Berorientasi Objek"]
  },
  {
    "id": "bd001",
    "name": "Ir. Dedi Kurniawan, M.T.",
    "phone": "+6281234567894",
    "email": "dedi.kurniawan@university.ac.id",
    "courses": ["Basis Data", "Sistem Informasi"]
  },
  {
    "id": "asd001",
    "name": "Dr. Eng. Eko Prasetyo, S.T., M.T.",
    "phone": "+6281234567895",
    "email": "eko.prasetyo@university.ac.id",
    "courses": ["Algoritma & Struktur Data", "Pemrograman Lanjut"]
  }
]
