[
  {
    "id": "rem_95b8955c",
    "type": "task",
    "title": "Tugas EM",
    "course": "EM",
    "dueISO": "2025-08-29T17:00:00",
    "completed": false
  },
  {
    "id": "rem_86c7f409",
    "type": "task",
    "title": "Tugas EM",
    "course": "EM",
    "dueISO": "2024-08-30T17:00:00",
    "completed": false
  },
  {
    "id": "rem_d3c4c811",
    "type": "task",
    "title": "Tugas EM",
    "course": "EM",
    "dueISO": "2024-08-30T17:00:00",
    "completed": false
  },
  {
    "id": "rem_a317a688",
    "type": "task",
    "title": "Tugas EM",
    "course": "EM",
    "dueISO": "2025-08-30T17:00:00",
    "completed": false
  },
  {
    "id": "rem_2faedebf",
    "type": "task",
    "title": "Tugas EM",
    "course": "EM",
    "dueISO": "2024-08-30T17:00:00",
    "completed": false
  },
  {
    "id": "rem_d5ef40d2",
    "type": "task",
    "title": "Tugas",
    "course": "EM",
    "dueISO": "2024-08-30T17:00:00Z",
    "completed": false
  },
  {
    "id": "rem_19308f3b",
    "type": "task",
    "title": "Tugas EM",
    "course": "EM",
    "dueISO": "2025-08-30T17:00:00",
    "completed": false
  },
  {
    "id": "rem_8df9182d",
    "type": "task",
    "title": "Tugas EM",
    "dueISO": "2025-08-30T17:00:00",
    "completed": false
  }
]