{
  "timezone": "Asia/Jakarta",
  "days": {
    "Mon": [
      {
        "course": "Medan Elektromagnetik",
        "start": "08:00",
        "end": "10:00",
        "room": "B-201",
        "lecturerId": "em001"
      },
      {
        "course": "Kalkulus Lanjut",
        "start": "13:00",
        "end": "15:00",
        "room": "A-301",
        "lecturerId": "kl001"
      }
    ],
    "Tue": [
      {
        "course": "Fisika Dasar",
        "start": "09:00",
        "end": "11:00",
        "room": "LAB-1",
        "lecturerId": "fd001"
      }
    ],
    "Wed": [
      {
        "course": "Pemrograman Web",
        "start": "10:00",
        "end": "12:00",
        "room": "LAB-2",
        "lecturerId": "pw001"
      }
    ],
    "Thu": [
      {
        "course": "Basis Data",
        "start": "14:00",
        "end": "16:00",
        "room": "C-101",
        "lecturerId": "bd001"
      }
    ],
    "Fri": [
      {
        "course": "Algoritma & Struktur Data",
        "start": "08:00",
        "end": "10:00",
        "room": "A-201",
        "lecturerId": "asd001"
      }
    ],
    "Sat": [],
    "Sun": []
  },
  "overrides": [
    {
      "date": "2025-08-24",
      "course": "EM",
      "start": "08:00",
      "end": "10:00"
    },
    {
      "date": "2025-08-25",
      "course": "EM",
      "start": "17:00",
      "end": "19:00",
      "room": "B201",
      "reason": "bentrok"
    },
    {
      "date": "2025-08-24",
      "course": "EM",
      "start": "08:00",
      "end": "10:00"
    }
  ]
}