{
  "lecturers": [
    {
      "code": 1,
      "name": "Aad Hariyadi, S.ST., M.T.",
      "wa": "628123314701",
      "waJid": "628123314701@s.whatsapp.net"
    },
    {
      "code": 2,
      "name": "Ir. Abdul Rasyid, M.T.",
      "wa": "628123314341",
      "waJid": "628123314341@s.whatsapp.net"
    },
    {
      "code": 3,
      "name": "Dr. Ir. Azam Muzakhim I., M.T.",
      "wa": "6285856469869",
      "waJid": "6285856469869@s.whatsapp.net"
    },
    {
      "code": 4,
      "name": "Dr. Farida Arinie, S.T., M.T.",
      "wa": "6281336227028",
      "waJid": "6281336227028@s.whatsapp.net"
    },
    {
      "code": 5,
      "name": "Hadiwiyatno, S.T., M.T.",
      "wa": "6281334694063",
      "waJid": "6281334694063@s.whatsapp.net"
    },
    {
      "code": 6,
      "name": "Hendro Darmono, B.Eng., M.T.",
      "wa": "6282135708033",
      "waJid": "6282135708033@s.whatsapp.net"
    },
    {
      "code": 7,
      "name": "Ir. Hudiono, M.T.",
      "wa": "62818599111",
      "waJid": "62818599111@s.whatsapp.net"
    },
    {
      "code": 8,
      "name": "Koesmarijanto, S.T., M.T.",
      "wa": "628155500931",
      "waJid": "628155500931@s.whatsapp.net"
    },
    {
      "code": 9,
      "name": "Dr. Kristina Widjajanti, S.Pd., M.Pd.",
      "wa": "6281252222018",
      "waJid": "6281252222018@s.whatsapp.net"
    },
    {
      "code": 10,
      "name": "Lis Diana M., S.T., M.T.",
      "wa": "6285102103006",
      "waJid": "6285102103006@s.whatsapp.net"
    },
    {
      "code": 11,
      "name": "Mila Kusumawardani, S.T., M.T.",
      "wa": "628123314335",
      "waJid": "628123314335@s.whatsapp.net"
    },
    {
      "code": 12,
      "name": "M. Nanak Zakaria, S.T., M.T.",
      "wa": "6285231815005",
      "waJid": "6285231815005@s.whatsapp.net"
    },
    {
      "code": 13,
      "name": "Prof. Dr. M. Junus, S.T., M.T.",
      "wa": "6281338799599",
      "waJid": "6281338799599@s.whatsapp.net"
    },
    {
      "code": 14,
      "name": "Prof. Dr. M. Sarosa, Dipl.Ing., M.T.",
      "wa": "628122440326",
      "waJid": "628122440326@s.whatsapp.net"
    },
    {
      "code": 15,
      "name": "Ir. M. A. Anshori, M.MT.",
      "wa": "6282139121332",
      "waJid": "6282139121332@s.whatsapp.net"
    },
    {
      "code": 16,
      "name": "Ir. Nugroho Suharto, M.T.",
      "wa": "628164291630",
      "waJid": "628164291630@s.whatsapp.net"
    },
    {
      "code": 17,
      "name": "Rachmad Saptono, S.T., M.T.",
      "wa": "6282233931349",
      "waJid": "6282233931349@s.whatsapp.net"
    },
    {
      "code": 18,
      "name": "Drs. Yoyok Heru P. I., M.T.",
      "wa": "628123314531",
      "waJid": "628123314531@s.whatsapp.net"
    },
    {
      "code": 19,
      "name": "Sri Wahyuni Dali, S.T., M.T.",
      "wa": "6282173739191",
      "waJid": "6282173739191@s.whatsapp.net"
    },
    {
      "code": 20,
      "name": "Abdul Chalim, S.Ag., M.Pd.",
      "wa": "6281357633770",
      "waJid": "6281357633770@s.whatsapp.net"
    },
    {
      "code": 21,
      "name": "Dr. Hudriyah Mundzir, S.H., M.H.",
      "wa": "62816212772",
      "waJid": "62816212772@s.whatsapp.net"
    },
    {
      "code": 22,
      "name": "Putri Elfa Mas'udia, S.T., M.Cs.",
      "wa": "6285233044104",
      "waJid": "6285233044104@s.whatsapp.net"
    },
    {
      "code": 24,
      "name": "Ahmad Wilda Y., S.T., M.T.",
      "wa": "6281935125228",
      "waJid": "6281935125228@s.whatsapp.net"
    },
    {
      "code": 25,
      "name": "Dianthy Marya, S.T., M.T.",
      "wa": "6281224237617",
      "waJid": "6281224237617@s.whatsapp.net"
    },
    {
      "code": 26,
      "name": "M. Syirajuddin, S.T., M.T.",
      "wa": "6282123218252",
      "waJid": "6282123218252@s.whatsapp.net"
    },
    {
      "code": 27,
      "name": "Nurul Hidayati, S.T., M.T.",
      "wa": "6285645371071",
      "waJid": "6285645371071@s.whatsapp.net"
    },
    {
      "code": 28,
      "name": "Rieke Adriati W., S.T., M.T.",
      "wa": "6285815223500",
      "waJid": "6285815223500@s.whatsapp.net"
    },
    {
      "code": 29,
      "name": "Galih Putra Riatma, S.T., M.T.",
      "wa": "628113777835",
      "waJid": "628113777835@s.whatsapp.net"
    },
    {
      "code": 30,
      "name": "Adzikirani, S.ST., M.Tr.T.",
      "wa": "6281282847539",
      "waJid": "6281282847539@s.whatsapp.net"
    },
    {
      "code": 31,
      "name": "Atik Novianti, S.ST., M.T.",
      "wa": "6281223404701",
      "waJid": "6281223404701@s.whatsapp.net"
    },
    {
      "code": 32,
      "name": "Rizky Ardiansyah, S.Kom., M.T.",
      "wa": "6283834033301",
      "waJid": "6283834033301@s.whatsapp.net"
    },
    {
      "code": 33,
      "name": "Ginanjar Suwasono Adi, S.ST., M.Sc.",
      "wa": "6281311616040",
      "waJid": "6281311616040@s.whatsapp.net"
    },
    {
      "code": 34,
      "name": "Dodit Suprianto, S.Kom., M.T.",
      "wa": "6285731311476",
      "waJid": "6285731311476@s.whatsapp.net"
    },
    {
      "code": 35,
      "name": "Isa Mahfudi, S.ST., M.Tr.T.",
      "wa": "6285334408575",
      "waJid": "6285334408575@s.whatsapp.net"
    },
    {
      "code": 36,
      "name": "Chandrasena Setiadi, S.T., M.Tr.T.",
      "wa": "628113664666",
      "waJid": "628113664666@s.whatsapp.net"
    },
    {
      "code": 37,
      "name": "Nandaru Ramadhan, S.H., M.H.",
      "wa": "6281945594252",
      "waJid": "6281945594252@s.whatsapp.net"
    },
    {
      "code": 38,
      "name": "Izzatul Ulya, S.Pd., M.Pd.",
      "wa": "6282232557592",
      "waJid": "6282232557592@s.whatsapp.net"
    },
    {
      "code": 39,
      "name": "Didit Jefry Andyanto, S.ST., M.M.",
      "wa": "6283847661090",
      "waJid": "6283847661090@s.whatsapp.net"
    },
    {
      "code": 40,
      "name": "Almas Adibah, S.S., M.Pd.",
      "wa": "6282189393021",
      "waJid": "6282189393021@s.whatsapp.net"
    },
    {
      "code": 42,
      "name": "Ahmad Setiawan, S.T., M.T.",
      "wa": "6281331144751",
      "waJid": "6281331144751@s.whatsapp.net"
    },
    {
      "code": 43,
      "name": "Herma Nugroho, S.T., M.T.",
      "wa": "6281334312266",
      "waJid": "6281334312266@s.whatsapp.net"
    },
    {
      "code": 44,
      "name": "Kusno Suryadi, S.T., M.T.",
      "wa": "6281334758688",
      "waJid": "6281334758688@s.whatsapp.net"
    },
    {
      "code": 45,
      "name": "Nur Sulaiman, S.T., M.T.",
      "wa": "628123392964",
      "waJid": "628123392964@s.whatsapp.net"
    },
    {
      "code": 47,
      "name": "Muhamat Maariful Huda, S.Kom., M.Tr.T.",
      "wa": "628990477797",
      "waJid": "628990477797@s.whatsapp.net"
    },
    {
      "code": 48,
      "name": "Dra. Nurdjizah, M.Pd.",
      "wa": "628123313937",
      "waJid": "628123313937@s.whatsapp.net"
    },
    {
      "code": 50,
      "name": "Marsekal Pertama TNI Dr. Ir. Arwin Datumaya Wahyudi Sumari, S.T., M.T., IPU, ASEAN Eng., ACPE, APEC Eng., FSI, FSME, VDBM, SA, S.R. Eng.",
      "wa": "6283840811400",
      "waJid": "6283840811400@s.whatsapp.net"
    },
    {
      "code": 52,
      "name": "Ikhsan Setiawan, S.Pd.I., M.Pd",
      "wa": "6285228476389",
      "waJid": "6285228476389@s.whatsapp.net"
    },
    {
      "code": 54,
      "name": "Titis Agunging Tyas, S.Pd., M.Pd.",
      "wa": "6285655542716",
      "waJid": "6285655542716@s.whatsapp.net"
    },
    {
      "code": 55,
      "name": "Amin Rodhi Alawy, S.ST., M.Tr.T.",
      "wa": "6282234949969",
      "waJid": "6282234949969@s.whatsapp.net"
    },
    {
      "code": 56,
      "name": "Muh. Syamsul Arifin, S.Pd.I., M.Pd.",
      "wa": "6285755796862",
      "waJid": "6285755796862@s.whatsapp.net"
    },
    {
      "code": 57,
      "name": "Rofiq Hamzah, S.Pd.I., M.Pd.",
      "wa": "6285748954945",
      "waJid": "6285748954945@s.whatsapp.net"
    }
  ],
  "byCode": {
    "1": { "name": "Aad Hariyadi, S.ST., M.T.", "wa": "628123314701", "waJid": "628123314701@s.whatsapp.net" },
    "2": { "name": "Ir. Abdul Rasyid, M.T.", "wa": "628123314341", "waJid": "628123314341@s.whatsapp.net" },
    "3": { "name": "Dr. Ir. Azam Muzakhim I., M.T.", "wa": "6285856469869", "waJid": "6285856469869@s.whatsapp.net" },
    "4": { "name": "Dr. Farida Arinie, S.T., M.T.", "wa": "6281336227028", "waJid": "6281336227028@s.whatsapp.net" },
    "5": { "name": "Hadiwiyatno, S.T., M.T.", "wa": "6281334694063", "waJid": "6281334694063@s.whatsapp.net" },
    "6": { "name": "Hendro Darmono, B.Eng., M.T.", "wa": "6282135708033", "waJid": "6282135708033@s.whatsapp.net" },
    "7": { "name": "Ir. Hudiono, M.T.", "wa": "62818599111", "waJid": "62818599111@s.whatsapp.net" },
    "8": { "name": "Koesmarijanto, S.T., M.T.", "wa": "628155500931", "waJid": "628155500931@s.whatsapp.net" },
    "9": { "name": "Dr. Kristina Widjajanti, S.Pd., M.Pd.", "wa": "6281252222018", "waJid": "6281252222018@s.whatsapp.net" },
    "10": { "name": "Lis Diana M., S.T., M.T.", "wa": "6285102103006", "waJid": "6285102103006@s.whatsapp.net" },
    "11": { "name": "Mila Kusumawardani, S.T., M.T.", "wa": "628123314335", "waJid": "628123314335@s.whatsapp.net" },
    "12": { "name": "M. Nanak Zakaria, S.T., M.T.", "wa": "6285231815005", "waJid": "6285231815005@s.whatsapp.net" },
    "13": { "name": "Prof. Dr. M. Junus, S.T., M.T.", "wa": "6281338799599", "waJid": "6281338799599@s.whatsapp.net" },
    "14": { "name": "Prof. Dr. M. Sarosa, Dipl.Ing., M.T.", "wa": "628122440326", "waJid": "628122440326@s.whatsapp.net" },
    "15": { "name": "Ir. M. A. Anshori, M.MT.", "wa": "6282139121332", "waJid": "6282139121332@s.whatsapp.net" },
    "16": { "name": "Ir. Nugroho Suharto, M.T.", "wa": "628164291630", "waJid": "628164291630@s.whatsapp.net" },
    "17": { "name": "Rachmad Saptono, S.T., M.T.", "wa": "6282233931349", "waJid": "6282233931349@s.whatsapp.net" },
    "18": { "name": "Drs. Yoyok Heru P. I., M.T.", "wa": "628123314531", "waJid": "628123314531@s.whatsapp.net" },
    "19": { "name": "Sri Wahyuni Dali, S.T., M.T.", "wa": "6282173739191", "waJid": "6282173739191@s.whatsapp.net" },
    "20": { "name": "Abdul Chalim, S.Ag., M.Pd.", "wa": "6281357633770", "waJid": "6281357633770@s.whatsapp.net" },
    "21": { "name": "Dr. Hudriyah Mundzir, S.H., M.H.", "wa": "62816212772", "waJid": "62816212772@s.whatsapp.net" },
    "22": { "name": "Putri Elfa Mas'udia, S.T., M.Cs.", "wa": "6285233044104", "waJid": "6285233044104@s.whatsapp.net" },
    "24": { "name": "Ahmad Wilda Y., S.T., M.T.", "wa": "6281935125228", "waJid": "6281935125228@s.whatsapp.net" },
    "25": { "name": "Dianthy Marya, S.T., M.T.", "wa": "6281224237617", "waJid": "6281224237617@s.whatsapp.net" },
    "26": { "name": "M. Syirajuddin, S.T., M.T.", "wa": "6282123218252", "waJid": "6282123218252@s.whatsapp.net" },
    "27": { "name": "Nurul Hidayati, S.T., M.T.", "wa": "6285645371071", "waJid": "6285645371071@s.whatsapp.net" },
    "28": { "name": "Rieke Adriati W., S.T., M.T.", "wa": "6285815223500", "waJid": "6285815223500@s.whatsapp.net" },
    "29": { "name": "Galih Putra Riatma, S.T., M.T.", "wa": "628113777835", "waJid": "628113777835@s.whatsapp.net" },
    "30": { "name": "Adzikirani, S.ST., M.Tr.T.", "wa": "6281282847539", "waJid": "6281282847539@s.whatsapp.net" },
    "31": { "name": "Atik Novianti, S.ST., M.T.", "wa": "6281223404701", "waJid": "6281223404701@s.whatsapp.net" },
    "32": { "name": "Rizky Ardiansyah, S.Kom., M.T.", "wa": "6283834033301", "waJid": "6283834033301@s.whatsapp.net" },
    "33": { "name": "Ginanjar Suwasono Adi, S.ST., M.Sc.", "wa": "6281311616040", "waJid": "6281311616040@s.whatsapp.net" },
    "34": { "name": "Dodit Suprianto, S.Kom., M.T.", "wa": "6285731311476", "waJid": "6285731311476@s.whatsapp.net" },
    "35": { "name": "Isa Mahfudi, S.ST., M.Tr.T.", "wa": "6285334408575", "waJid": "6285334408575@s.whatsapp.net" },
    "36": { "name": "Chandrasena Setiadi, S.T., M.Tr.T.", "wa": "628113664666", "waJid": "628113664666@s.whatsapp.net" },
    "37": { "name": "Nandaru Ramadhan, S.H., M.H.", "wa": "6281945594252", "waJid": "6281945594252@s.whatsapp.net" },
    "38": { "name": "Izzatul Ulya, S.Pd., M.Pd.", "wa": "6282232557592", "waJid": "6282232557592@s.whatsapp.net" },
    "39": { "name": "Didit Jefry Andyanto, S.ST., M.M.", "wa": "6283847661090", "waJid": "6283847661090@s.whatsapp.net" },
    "40": { "name": "Almas Adibah, S.S., M.Pd.", "wa": "6282189393021", "waJid": "6282189393021@s.whatsapp.net" },
    "42": { "name": "Ahmad Setiawan, S.T., M.T.", "wa": "6281331144751", "waJid": "6281331144751@s.whatsapp.net" },
    "43": { "name": "Herma Nugroho, S.T., M.T.", "wa": "6281334312266", "waJid": "6281334312266@s.whatsapp.net" },
    "44": { "name": "Kusno Suryadi, S.T., M.T.", "wa": "6281334758688", "waJid": "6281334758688@s.whatsapp.net" },
    "45": { "name": "Nur Sulaiman, S.T., M.T.", "wa": "628123392964", "waJid": "628123392964@s.whatsapp.net" },
    "47": { "name": "Muhamat Maariful Huda, S.Kom., M.Tr.T.", "wa": "628990477797", "waJid": "628990477797@s.whatsapp.net" },
    "48": { "name": "Dra. Nurdjizah, M.Pd.", "wa": "628123313937", "waJid": "628123313937@s.whatsapp.net" },
    "50": { "name": "Marsekal Pertama TNI Dr. Ir. Arwin Datumaya Wahyudi Sumari, S.T., M.T., IPU, ASEAN Eng., ACPE, APEC Eng., FSI, FSME, VDBM, SA, S.R. Eng.", "wa": "6283840811400", "waJid": "6283840811400@s.whatsapp.net" },
    "52": { "name": "Ikhsan Setiawan, S.Pd.I., M.Pd", "wa": "6285228476389", "waJid": "6285228476389@s.whatsapp.net" },
    "54": { "name": "Titis Agunging Tyas, S.Pd., M.Pd.", "wa": "6285655542716", "waJid": "6285655542716@s.whatsapp.net" },
    "55": { "name": "Amin Rodhi Alawy, S.ST., M.Tr.T.", "wa": "6282234949969", "waJid": "6282234949969@s.whatsapp.net" },
    "56": { "name": "Muh. Syamsul Arifin, S.Pd.I., M.Pd.", "wa": "6285755796862", "waJid": "6285755796862@s.whatsapp.net" },
    "57": { "name": "Rofiq Hamzah, S.Pd.I., M.Pd.", "wa": "6285748954945", "waJid": "6285748954945@s.whatsapp.net" }
  }
}
