{
  "120363326717292390@g.us": {
    "jid": "120363326717292390@g.us",
    "lastMessage": "doskn miktrol siapa",
    "pendingAction": {
      "intent": "clarification",
      "args": {
        "originalText": "doskn miktrol siapa"
      },
      "expect": [],
      "history": [],
      "expiresAt": 1756169527668
    },
    "timestamp": 1756167727668
  },
  "120363326717292390@g.us:233500259131635@lid": {
    "jid": "120363326717292390@g.us",
    "lastMessage": "",
    "pendingAction": null,
    "timestamp": 1756169965805
  }
}