{
  "Workshop Mikrokontroler": ["mikro","mikrokontroler","ws mikro","mikrotrol","miktrol"],
  "Workshop Rekayasa Trafik": ["rektraf","rekayasa trafik","rek traf","trafik"],
  "Sistem Komunikasi Fiber Optik": ["fo","fiber optik","sisko fo","sko fo"],
  "Sistem Komunikasi Seluler": ["seluler","siskom sel","sisel"],
  "Antena": ["antena","antenna","antenn"],
  "Praktikum Teknik & Jaringan Komputer": ["jarkom","praktikum jarkom","ptjk","prak jarkom"],
  "Praktikum Saluran Transmisi & Gelombang Mikro": ["saltran","gelombang mikro","stgm","gmi"]
}


