{
  "createdAt": "2025-08-26T02:24:26.119Z",
  "options": {
    "groupCount": 5,
    "excludeWa": [],
    "seed": "abc"
  },
  "groups": [
    {
      "index": 1,
      "members": [
        {
          "wa": "621001",
          "name": "P2",
          "abs": 2
        },
        {
          "wa": "621002",
          "name": "P3",
          "abs": 3
        },
        {
          "wa": "621005",
          "name": "P6",
          "abs": 6
        },
        {
          "wa": "621008",
          "name": "P9",
          "abs": 9
        }
      ]
    },
    {
      "index": 2,
      "members": [
        {
          "wa": "621009",
          "name": "P10",
          "abs": 10
        },
        {
          "wa": "621017",
          "name": "P18",
          "abs": 18
        },
        {
          "wa": "621013",
          "name": "P14",
          "abs": 14
        },
        {
          "wa": "621012",
          "name": "P13",
          "abs": 13
        }
      ]
    },
    {
      "index": 3,
      "members": [
        {
          "wa": "621014",
          "name": "P15",
          "abs": 15
        },
        {
          "wa": "621000",
          "name": "P1",
          "abs": 1
        },
        {
          "wa": "621006",
          "name": "P7",
          "abs": 7
        },
        {
          "wa": "621007",
          "name": "P8",
          "abs": 8
        }
      ]
    },
    {
      "index": 4,
      "members": [
        {
          "wa": "621016",
          "name": "P17",
          "abs": 17
        },
        {
          "wa": "621015",
          "name": "P16",
          "abs": 16
        },
        {
          "wa": "621003",
          "name": "P4",
          "abs": 4
        }
      ]
    },
    {
      "index": 5,
      "members": [
        {
          "wa": "621004",
          "name": "P5",
          "abs": 5
        },
        {
          "wa": "621011",
          "name": "P12",
          "abs": 12
        },
        {
          "wa": "621010",
          "name": "P11",
          "abs": 11
        }
      ]
    }
  ]
}