{
  "people": [
    {
      "wa": "6282268919997",
      "waJid": "6282268919997@s.whatsapp.net",
      "name": "ABID ZHORIF FERAWAN",
      "nim": "244101060059",
      "abs": 1,
      "roles": [],
      "funRole": "anak_baik"
    },
    {
      "wa": "6285604335001",
      "waJid": "6285604335001@s.whatsapp.net",
      "name": "AHMAD REYHAN AL HILMY",
      "nim": "244101060025",
      "abs": 2,
      "roles": [],
      "funRole": "anak_baik"
    },
    {
      "wa": "6282334117271",
      "waJid": "6282334117271@s.whatsapp.net",
      "name": "ALVYHN TRIO PRASTYO EGI",
      "nim": "244101060003",
      "abs": 3,
      "roles": [],
      "funRole": "anak_baik"
    },
    {
      "wa": "6289665947505",
      "waJId": "6289665947505@s.whatsapp.net",
      "name": "BRIAN NISMARA JATI",
      "nim": "244101060121",
      "abs": 4,
      "roles": [],
      "funRole": "anak_baik"
    },
    {
      "wa": "6287885833768",
      "waJid": "6287885833768@s.whatsapp.net",
      "name": "ENFIN REYSAN HAFIDH",
      "nim": "244101060104",
      "abs": 5,
      "roles": [],
      "funRole": "anak_baik"
    },
    {
      "wa": "6282330639307",
      "waJid": "6282330639307@s.whatsapp.net",
      "name": "FRANIA AYANG JELITA",
      "nim": "244101060064",
      "abs": 6,
      "roles": [],
      "funRole": "anak_baik"
    },
    {
      "wa": "6281217003486",
      "waJid": "6281217003486@s.whatsapp.net",
      "name": "GANANG IMAN GUMILANG",
      "nim": "244101060009",
      "abs": 7,
      "roles": [],
      "funRole": "anak_baik"
    },
    {
      "wa": "6285704952077",
      "waJid": "6285704952077@s.whatsapp.net",
      "name": "MOCH. FACHRI ALVANI",
      "nim": "244101060049",
      "abs": 8,
      "roles": [],
      "funRole": "anak_baik"
    },
    {
      "wa": "6281558959349",
      "waJid": "6281558959349@s.whatsapp.net",
      "name": "MUHAMMAD FAKHRI ZAMANI",
      "nim": "244101060077",
      "abs": 9,
      "roles": [
        "developer"
      ],
      "funRole": "anak_baik"
    },
    {
      "wa": "6287894331128",
      "waJid": "6287894331128@s.whatsapp.net",
      "name": "MUHAMMAD FAUZAN",
      "nim": "244101060061",
      "abs": 10,
      "roles": [],
      "funRole": "anak_baik"
    },
    {
      "wa": "6285706569907",
      "waJid": "6285706569907@s.whatsapp.net",
      "name": "MUHAMMAD RIZKY ABADI",
      "nim": "244101060080",
      "abs": 11,
      "roles": [],
      "funRole": "anak_baik"
    },
    {
      "wa": "6282337456526",
      "waJid": "6282337456526@s.whatsapp.net",
      "name": "NASYWA DAFFA' AZ-ZAHRA",
      "nim": "244101060052",
      "abs": 12,
      "roles": [
        "sekretaris"
      ],
      "funRole": "anak_baik",
      "altWa": [
        "6285645759192"
      ]
    },
    {
      "wa": "6289677175597",
      "waJid": "6289677175597@s.whatsapp.net",
      "name": "NAUFAL MUHAMMAD DZAKA'",
      "nim": "244101060016",
      "abs": 13,
      "roles": [
        "developer"
      ],
      "funRole": "anak_baik"
    },
    {
      "wa": "6282245894794",
      "waJid": "6282245894794@s.whatsapp.net",
      "name": "PUTRA ADITYA RIZKY PRATAMA",
      "nim": "244101060027",
      "abs": 14,
      "roles": [],
      "funRole": "anak_baik"
    },
    {
      "wa": "6282140906162",
      "waJid": "6282140906162@s.whatsapp.net",
      "name": "RAHMATIKA MUTIARA TSANI",
      "nim": "244101060123",
      "abs": 15,
      "roles": [],
      "funRole": "anak_baik"
    },
    {
      "wa": "6285765496524",
      "waJid": "6285765496524@s.whatsapp.net",
      "name": "RIFALDO AFRIZAL FEBRIANO",
      "nim": "244101060112",
      "abs": 16,
      "roles": [],
      "funRole": "anak_baik"
    },
    {
      "wa": "6281217152549",
      "waJid": "6281217152549@s.whatsapp.net",
      "name": "THALITA SALSABILA",
      "nim": "244101060063",
      "abs": 17,
      "roles": [
        "bendahara"
      ],
      "funRole": "anak_baik"
    },
    {
      "wa": "6281225995024",
      "waJid": "6281225995024@s.whatsapp.net",
      "name": "ZALYAN QOHAR PUTRA PRATAMA",
      "nim": "244101060046",
      "abs": 18,
      "roles": [
        "ketua_kelas"
      ],
      "funRole": "anak_baik"
    }
  ],
  "dmAllowed": [
    "6281225995024",
    "6281217152549",
    "6289677175597",
    "6282337456526",
    "6281558959349"
  ],
  "groupAllowed": [
    "120363326717292390@g.us"
  ]
}