{
  "lecturers": [
    { "code": 1,  "name": "Aad Hariyadi, S.ST., M.T.", "wa": "628123314701" },
    { "code": 2,  "name": "Ir. Abdul Rasyid, M.T.", "wa": "628123314341" },
    { "code": 3,  "name": "Dr. Ir. Azam Muzakhim I., M.T.", "wa": "6285856469869" },
    { "code": 4,  "name": "Dr. Farida Arinie, S.T., M.T.", "wa": "6281336227028" },
    { "code": 5,  "name": "Hadiwiyatno, S.T., M.T.", "wa": "6281334694063" },
    { "code": 6,  "name": "Hendro Darmono, B.Eng., M.T.", "wa": "6282135708033" },
    { "code": 7,  "name": "Ir. Hudiono, M.T.", "wa": "62818599111" },
    { "code": 8,  "name": "Koesmarijanto, S.T., M.T.", "wa": "628155500931" },
    { "code": 9,  "name": "Dr. Kristina Widjajanti, S.Pd., M.Pd.", "wa": "6281252222018" },
    { "code": 10, "name": "Lis Diana M., S.T., M.T.", "wa": "6285102103006" },
    { "code": 11, "name": "Mila Kusumawardani, S.T., M.T.", "wa": "628123314335" },
    { "code": 12, "name": "M. Nanak Zakaria, S.T., M.T.", "wa": "6285231815005" },
    { "code": 13, "name": "Prof. Dr. M. Junus, S.T., M.T.", "wa": "6281338799599" },
    { "code": 14, "name": "Prof. Dr. M. Sarosa, Dipl.Ing., M.T.", "wa": "628122440326" },
    { "code": 15, "name": "Ir. M. A. Anshori, M.MT.", "wa": "6282139121332" },
    { "code": 16, "name": "Ir. Nugroho Suharto, M.T.", "wa": "628164291630" },
    { "code": 17, "name": "Rachmad Saptono, S.T., M.T.", "wa": "6282233931349" },
    { "code": 18, "name": "Drs. Yoyok Heru P. I., M.T.", "wa": "628123314531" },
    { "code": 19, "name": "Sri Wahyuni Dali, S.T., M.T.", "wa": "6282173739191" },
    { "code": 20, "name": "Abdul Chalim, S.Ag., M.Pd.", "wa": "6281357633770" },
    { "code": 21, "name": "Dr. Hudriyah Mundzir, S.H., M.H.", "wa": "62816212772" },
    { "code": 22, "name": "Putri Elfa Mas'udia, S.T., M.Cs.", "wa": "6285233044104" },
    { "code": 24, "name": "Ahmad Wilda Y., S.T., M.T.", "wa": "6281935125228" },
    { "code": 25, "name": "Dianthy Marya, S.T., M.T.", "wa": "6281224237617" },
    { "code": 26, "name": "M. Syirajuddin, S.T., M.T.", "wa": "6282123218252" },
    { "code": 27, "name": "Nurul Hidayati, S.T., M.T.", "wa": "6285645371071" },
    { "code": 28, "name": "Rieke Adriati W., S.T., M.T.", "wa": "6285815223500" },
    { "code": 29, "name": "Galih Putra Riatma, S.T., M.T.", "wa": "628113777835" },
    { "code": 30, "name": "Adzikirani, S.ST., M.Tr.T.", "wa": "6281282847539" },
    { "code": 31, "name": "Atik Novianti, S.ST., M.T.", "wa": "6281223404701" },
    { "code": 32, "name": "Rizky Ardiansyah, S.Kom., M.T.", "wa": "6283834033301" },
    { "code": 33, "name": "Ginanjar Suwasono Adi, S.ST., M.Sc.", "wa": "6281311616040" },
    { "code": 34, "name": "Dodit Suprianto, S.Kom., M.T.", "wa": "6285731311476" },
    { "code": 35, "name": "Isa Mahfudi, S.ST., M.Tr.T.", "wa": "6285334408575" },
    { "code": 36, "name": "Chandrasena Setiadi, S.T., M.Tr.T.", "wa": "628113664666" },
    { "code": 37, "name": "Nandaru Ramadhan, S.H., M.H.", "wa": "6281945594252" },
    { "code": 38, "name": "Izzatul Ulya, S.Pd., M.Pd.", "wa": "6282232557592" },
    { "code": 39, "name": "Didit Jefry Andyanto, S.ST., M.M.", "wa": "6283847661090" },
    { "code": 40, "name": "Almas Adibah, S.S., M.Pd.", "wa": "6282189393021" },
    { "code": 42, "name": "Ahmad Setiawan, S.T., M.T.", "wa": "6281331144751" },
    { "code": 43, "name": "Herma Nugroho, S.T., M.T.", "wa": "6281334312266" },
    { "code": 44, "name": "Kusno Suryadi, S.T., M.T.", "wa": "6281334758688" },
    { "code": 45, "name": "Nur Sulaiman, S.T., M.T.", "wa": "628123392964" },
    { "code": 47, "name": "Muhamat Maariful Huda, S.Kom., M.Tr.T.", "wa": "628990477797" },
    { "code": 48, "name": "Dra. Nurdjizah, M.Pd.", "wa": "628123313937" },
    { "code": 50, "name": "Marsekal Pertama TNI Dr. Ir. Arwin Datumaya Wahyudi Sumari, S.T., M.T., IPU, ASEAN Eng., ACPE, APEC Eng., FSI, FSME, VDBM, SA, S.R. Eng.", "wa": "6283840811400" },
    { "code": 52, "name": "Ikhsan Setiawan, S.Pd.I., M.Pd", "wa": "6285228476389" },
    { "code": 54, "name": "Titis Agunging Tyas, S.Pd., M.Pd.", "wa": "6285655542716" },
    { "code": 55, "name": "Amin Rodhi Alawy, S.ST., M.Tr.T.", "wa": "6282234949969" },
    { "code": 56, "name": "Muh. Syamsul Arifin, S.Pd.I., M.Pd.", "wa": "6285755796862" },
    { "code": 57, "name": "Rofiq Hamzah, S.Pd.I., M.Pd.", "wa": "6285748954945" }
  ],
  "byCode": {
    "1":  { "name": "Aad Hariyadi, S.ST., M.T.", "wa": "628123314701" },
    "2":  { "name": "Ir. Abdul Rasyid, M.T.", "wa": "628123314341" },
    "3":  { "name": "Dr. Ir. Azam Muzakhim I., M.T.", "wa": "6285856469869" },
    "4":  { "name": "Dr. Farida Arinie, S.T., M.T.", "wa": "6281336227028" },
    "5":  { "name": "Hadiwiyatno, S.T., M.T.", "wa": "6281334694063" },
    "6":  { "name": "Hendro Darmono, B.Eng., M.T.", "wa": "6282135708033" },
    "7":  { "name": "Ir. Hudiono, M.T.", "wa": "62818599111" },
    "8":  { "name": "Koesmarijanto, S.T., M.T.", "wa": "628155500931" },
    "9":  { "name": "Dr. Kristina Widjajanti, S.Pd., M.Pd.", "wa": "6281252222018" },
    "10": { "name": "Lis Diana M., S.T., M.T.", "wa": "6285102103006" },
    "11": { "name": "Mila Kusumawardani, S.T., M.T.", "wa": "628123314335" },
    "12": { "name": "M. Nanak Zakaria, S.T., M.T.", "wa": "6285231815005" },
    "13": { "name": "Prof. Dr. M. Junus, S.T., M.T.", "wa": "6281338799599" },
    "14": { "name": "Prof. Dr. M. Sarosa, Dipl.Ing., M.T.", "wa": "628122440326" },
    "15": { "name": "Ir. M. A. Anshori, M.MT.", "wa": "6282139121332" },
    "16": { "name": "Ir. Nugroho Suharto, M.T.", "wa": "628164291630" },
    "17": { "name": "Rachmad Saptono, S.T., M.T.", "wa": "6282233931349" },
    "18": { "name": "Drs. Yoyok Heru P. I., M.T.", "wa": "628123314531" },
    "19": { "name": "Sri Wahyuni Dali, S.T., M.T.", "wa": "6282173739191" },
    "20": { "name": "Abdul Chalim, S.Ag., M.Pd.", "wa": "6281357633770" },
    "21": { "name": "Dr. Hudriyah Mundzir, S.H., M.H.", "wa": "62816212772" },
    "22": { "name": "Putri Elfa Mas'udia, S.T., M.Cs.", "wa": "6285233044104" },
    "24": { "name": "Ahmad Wilda Y., S.T., M.T.", "wa": "6281935125228" },
    "25": { "name": "Dianthy Marya, S.T., M.T.", "wa": "6281224237617" },
    "26": { "name": "M. Syirajuddin, S.T., M.T.", "wa": "6282123218252" },
    "27": { "name": "Nurul Hidayati, S.T., M.T.", "wa": "6285645371071" },
    "28": { "name": "Rieke Adriati W., S.T., M.T.", "wa": "6285815223500" },
    "29": { "name": "Galih Putra Riatma, S.T., M.T.", "wa": "628113777835" },
    "30": { "name": "Adzikirani, S.ST., M.Tr.T.", "wa": "6281282847539" },
    "31": { "name": "Atik Novianti, S.ST., M.T.", "wa": "6281223404701" },
    "32": { "name": "Rizky Ardiansyah, S.Kom., M.T.", "wa": "6283834033301" },
    "33": { "name": "Ginanjar Suwasono Adi, S.ST., M.Sc.", "wa": "6281311616040" },
    "34": { "name": "Dodit Suprianto, S.Kom., M.T.", "wa": "6285731311476" },
    "35": { "name": "Isa Mahfudi, S.ST., M.Tr.T.", "wa": "6285334408575" },
    "36": { "name": "Chandrasena Setiadi, S.T., M.Tr.T.", "wa": "628113664666" },
    "37": { "name": "Nandaru Ramadhan, S.H., M.H.", "wa": "6281945594252" },
    "38": { "name": "Izzatul Ulya, S.Pd., M.Pd.", "wa": "6282232557592" },
    "39": { "name": "Didit Jefry Andyanto, S.ST., M.M.", "wa": "6283847661090" },
    "40": { "name": "Almas Adibah, S.S., M.Pd.", "wa": "6282189393021" },
    "42": { "name": "Ahmad Setiawan, S.T., M.T.", "wa": "6281331144751" },
    "43": { "name": "Herma Nugroho, S.T., M.T.", "wa": "6281334312266" },
    "44": { "name": "Kusno Suryadi, S.T., M.T.", "wa": "6281334758688" },
    "45": { "name": "Nur Sulaiman, S.T., M.T.", "wa": "628123392964" },
    "47": { "name": "Muhamat Maariful Huda, S.Kom., M.Tr.T.", "wa": "628990477797" },
    "48": { "name": "Dra. Nurdjizah, M.Pd.", "wa": "628123313937" },
    "50": { "name": "Marsekal Pertama TNI Dr. Ir. Arwin Datumaya Wahyudi Sumari, S.T., M.T., IPU, ASEAN Eng., ACPE, APEC Eng., FSI, FSME, VDBM, SA, S.R. Eng.", "wa": "6283840811400" },
    "52": { "name": "Ikhsan Setiawan, S.Pd.I., M.Pd", "wa": "6285228476389" },
    "54": { "name": "Titis Agunging Tyas, S.Pd., M.Pd.", "wa": "6285655542716" },
    "55": { "name": "Amin Rodhi Alawy, S.ST., M.Tr.T.", "wa": "6282234949969" },
    "56": { "name": "Muh. Syamsul Arifin, S.Pd.I., M.Pd.", "wa": "6285755796862" },
    "57": { "name": "Rofiq Hamzah, S.Pd.I., M.Pd.", "wa": "6285748954945" }
  }
}

[
  {
    "id": "em001",
    "name": "Dr. Ir. Ahmad Supriyadi, S.T., M.T.",
    "phone": "+6281234567890",
    "email": "ahmad.supriyadi@university.ac.id",
    "courses": ["Medan Elektromagnetik"]
  },
  {
    "id": "kl001",
    "name": "Prof. Dr. Siti Nurhaliza, M.Si.",
    "phone": "+6281234567891",
    "email": "siti.nurhaliza@university.ac.id",
    "courses": ["Kalkulus Lanjut", "Kalkulus Dasar"]
  },
  {
    "id": "fd001",
    "name": "Ir. Bambang Sutrisno, M.Sc.",
    "phone": "+6281234567892",
    "email": "bambang.sutrisno@university.ac.id",
    "courses": ["Fisika Dasar", "Fisika Modern"]
  },
  {
    "id": "pw001",
    "name": "Drs. Citra Dewi, M.Kom.",
    "phone": "+6281234567893",
    "email": "citra.dewi@university.ac.id",
    "courses": ["Pemrograman Web", "Pemrograman Berorientasi Objek"]
  },
  {
    "id": "bd001",
    "name": "Ir. Dedi Kurniawan, M.T.",
    "phone": "+6281234567894",
    "email": "dedi.kurniawan@university.ac.id",
    "courses": ["Basis Data", "Sistem Informasi"]
  },
  {
    "id": "asd001",
    "name": "Dr. Eng. Eko Prasetyo, S.T., M.T.",
    "phone": "+6281234567895",
    "email": "eko.prasetyo@university.ac.id",
    "courses": ["Algoritma & Struktur Data", "Pemrograman Lanjut"]
  }
]
